Unnamed: 0,resid,factor,accuracy_min,accuracy_norm
0,3331.0,1.129848229342327,3.0,1.0
1,3312.0,5.964912280701754,3.0,1.0
